{
  "auc_train": 0.7846572562450042,
  "auc_test": 0.7838564330029865,
  "ks_train": 0.42194020888577444,
  "ks_test": 0.42063011292233193,
  "thr_ks_train": 0.3959621694460717,
  "thr_ks_test": 0.39322079377942826,
  "precision_test": 0.4258397932816537,
  "recall_test": 0.8372388391439639,
  "f1_test": 0.5645406470122252,
  "confusion_matrix_test": [
    [
      74677,
      53328
    ],
    [
      7689,
      39552
    ]
  ],
  "n_features": 11
}